无情画,待填,语言；类别；限定,备注
尚好的青春,待填,语言；类别；限定,备注
声声慢,待填,语言；类别；限定,备注
知否知否,待填,语言；类别；限定,备注
雨爱,待填,语言；类别；限定,备注
是妈妈是女儿,待填,语言；类别；限定,备注
你给我听好,待填,语言；类别；限定,备注
小心温差,待填,语言；类别；限定,备注
最长的电影,待填,语言；类别；限定,备注
说了再见,待填,语言；类别；限定,备注
素颜,待填,语言；类别；限定,备注
在夜里跳舞,待填,语言；类别；限定,备注
给电影人的情书,待填,语言；类别；限定,备注
city of stars,待填,语言；类别；限定,备注
fly me to the moon,待填,语言；类别；限定,备注
不该,待填,语言；类别；限定,备注
月亮代表我的心,待填,语言；类别；限定,备注
半岛铁盒,待填,语言；类别；限定,备注
明明就,待填,语言；类别；限定,备注
想你时风起,待填,语言；类别；限定,备注
荷塘月色,待填,语言；类别；限定,备注
年轮,待填,语言；类别；限定,备注
always online,待填,语言；类别；限定,备注
小幸运,待填,语言；类别；限定,备注
龙卷风,待填,语言；类别；限定,备注
隐形的翅膀,待填,语言；类别；限定,备注
这世界这么多人,待填,语言；类别；限定,备注
崇拜,待填,语言；类别；限定,备注
路过人间,待填,语言；类别；限定,备注
这世界这么多人,待填,语言；类别；限定,备注
后来,待填,语言；类别；限定,备注
修炼爱情,待填,语言；类别；限定,备注
关键词,待填,语言；类别；限定,备注
慢冷,待填,语言；类别；限定,备注
九张机,待填,语言；类别；限定,备注
亲密爱人,待填,语言；类别；限定,备注
小幸运,待填,语言；类别；限定,备注
没那么简单,待填,语言；类别；限定,备注
背板,待填,语言；类别；限定,备注
呼吸决定,待填,语言；类别；限定,备注
眼泪成诗,待填,语言；类别；限定,备注
后来,待填,语言；类别；限定,备注
雨下一整晚,待填,语言；类别；限定,备注
时间煮雨,待填,语言；类别；限定,备注
